{
  "kind": "collectionType",
  "collectionName": "products",
  "info": {
    "name": "Product"
  },
  "options": {
    "increments": true,
    "timestamps": true,
    "draftAndPublish": true
  },
  "pluginOptions": {},
  "attributes": {
    "name": {
      "type": "string",
      "required": true
    },
    "image": {
      "model": "file",
      "via": "related",
      "allowedTypes": [
        "images"
      ],
      "plugin": "upload",
      "required": true,
      "pluginOptions": {}
    },
    "price": {
      "type": "decimal",
      "required": true
    },
    "category": {
      "model": "category"
    }
  }
}
